url,label
https://claim.atom.claim.ga,bad
https://google-password-free.top,bad
https://www.waveupdate.confirm.tk,bad
https://departmentoflabour-security-free.online,bad
https://www.gripdigilogin.login.ga,bad
https://www.royalexpressprize.unlock.top,bad
https://cbpay-free-password.tk,bad
https://quickloan-prize-banking.test,bad
https://mcb-account-banking.website,bad
https://www.telenorconfirm.account.top,bad
https://ycdc-bonus-bonus.xyz,bad
https://mwdbankconfirm-confirm.club,bad
https://confirm.cdsg.claim.website,bad
https://yangonunitedbankunlock-security.website,bad
https://uab-bonus.ga/verify,bad
https://wavemoney-security.online/free,bad
https://www.yescsupport.support.online,bad
https://ayeyarwadybank-update-secure.xyz,bad
https://login.mab.gift.top,bad
https://www.dhlsupport.confirm.tk,bad
https://abank-unlock.tk/confirm,bad
https://www.sathapanabankbanking.confirm.ml,bad
https://ayeyarwadybank-account.tk/update,bad
https://myanmatourismbank-confirm-prize.xyz,bad
https://www.fpbbonus.banking.online,bad
https://myanmarcitizensbank-gift-bonus.ml,bad
https://departmentoflabour-support-support.ml,bad
https://ruraldevelopmentbanksecure-security.top,bad
https://okdollarsupport-prize.top,bad
https://internalrevenuedepartment-banking-password.ga,bad
https://myanmarnationalairlines-account-prize.club,bad
https://citymart-claim.club/claim,bad
https://www.ruraldevelopmentbanksupport.prize.club,bad
https://login.yub.login.ml,bad
https://cbpay-bonus.ga/update,bad
https://advansmyanmarfree-password.test,bad
https://mtbpaybonus-prize.tk,bad
https://www.centralbankofmyanmarwin.unlock.info,bad
https://smidbpassword-update.cf,bad
https://www.foodpandagift.banking.tk,bad
https://www.mcbpassword.account.tk,bad
https://agdbank-prize-security.tk,bad
https://ooredoomyanmar-security.top/claim,bad
https://manairlines-unlock.xyz/security,bad
https://yomapaybanking-secure.cf,bad
https://bonus.mwdbank.secure.club,bad
https://mrf-bonus-update.online,bad
https://www.myanmarcustomsverify.verify.ml,bad
https://myanmarcustomsdepartment-support.online/unlock,bad
https://firstprivatebank-unlock-verify.website,bad
https://paypalaccount-account.top,bad
https://wavepay-win-verify.cf,bad
https://sathapanalimitedsupport-secure.tk,bad
https://update.maxmyanmar.bonus.tk,bad
https://whatsapp-prize-bonus.club,bad
https://meta-secure-confirm.ga,bad
https://uabbankfree-support.website,bad
https://wavepayclaim-gift.cf,bad
https://login.mcb.claim.test,bad
https://yomabank-claim.test/claim,bad
https://www.departmentoflabouraccount.bonus.top,bad
https://www.lazadasupport.bonus.help,bad
https://www.netflixprize.login.ml,bad
https://security.proximityfinance.secure.top,bad
https://www.wavepaygift.win.online,bad
https://www.yomabankpassword.verify.club,bad
https://verify.binance.prize.cf,bad
https://banking.citymart.confirm.tk,bad
https://yangondoor2door-prize.ga/unlock,bad
https://unlock.myanmaorientalbank.prize.info,bad
https://wavemoney-claim-bonus.info,bad
https://alibaba-prize.club/banking,bad
https://www.mtbbonus.password.ga,bad
https://kbzpay-confirm.website/unlock,bad
https://free.alibaba.secure.online,bad
https://www.shopeelogin.update.top,bad
https://www.upsconfirm.update.help,bad
https://support.yomabank.gift.ml,bad
https://roadtransportadministrationdepartment-win.info/account,bad
https://support.cbbank.prize.top,bad
https://abank-confirm.ga/security,bad
https://myanmarcitizensbank-support-support.online,bad
https://account.myanmarcitizensbank.win.xyz,bad
https://win.smallandmediumindustrialdevelopmentbank.update.cf,bad
https://www.outlookclaim.login.ml,bad
https://unitedamarabank-win.ml/win,bad
https://smidb-bonus-login.club,bad
https://prize.mftb.free.help,bad
https://yangoncitydevelopmentcommitteebonus-bonus.cf,bad
https://prize.dica.banking.club,bad
https://grab-banking-bonus.help,bad
https://asiagreendevelopmentbank-password-confirm.online,bad
https://password.fedex.gift.ga,bad
https://grabmyanmarprize-gift.info,bad
https://ayapay-account-security.online,bad
https://grab-login-login.top,bad
https://secure.binance.account.club,bad
https://www.citymartclaim.verify.ml,bad
https://moee-support.online/gift,bad
https://win.kplus.banking.top,bad
https://support.grab.prize.cf,bad
https://citymart-claim.info/prize,bad
https://smallandmediumindustrialdevelopmentbank-win-banking.website,bad
https://unlock.icloud.banking.ml,bad
https://wavemoney-security.help/bonus,bad
https://banking.myanmarcustomsdepartment.gift.xyz,bad
https://uabpay-support.online/security,bad
https://www.gtbgift.support.ga,bad
https://account.grabmyanmar.free.xyz,bad
https://dhl-security.online/win,bad
https://account.dhl.verify.xyz,bad
https://secure.mab.password.xyz,bad
https://manairlinesverify-bonus.info,bad
https://microsoft-prize.test/bonus,bad
https://www.advansmyanmarpassword.update.club,bad
https://firstprivatebank-account-confirm.cf,bad
https://citizensbank-claim.test/account,bad
https://mtbbank-unlock.ml/update,bad
https://verify.myanmaeconomicbank.secure.website,bad
https://security.airkbz.unlock.club,bad
https://mob-verify-bonus.top,bad
https://dica-unlock.club/claim,bad
https://agdverify-support.club,bad
https://www.myanmarcustomsclaim.login.tk,bad
https://shopeewin-account.ml,bad
https://myawaddybank-secure.tk/free,bad
https://myanmaapexbank-prize-bonus.club,bad
https://www.uabpayclaim.prize.test,bad
https://www.rtadlogin.login.tk,bad
https://www.j&texpressbonus.confirm.website,bad
https://innwabankwin-gift.cf,bad
https://www.yangoncitydevelopmentcommitteeclaim.gift.club,bad
https://security.kddi.unlock.info,bad
https://verify.myanmarpostsandtelecommunications.banking.ml,bad
https://yangonelectricitysupplycorporationupdate-banking.website,bad
https://yangondoor2door-update-account.tk,bad
https://www.messengerverify.free.cf,bad
https://uab-login-gift.tk,bad
https://www.j&texpresssecure.claim.cf,bad
https://agd-secure-confirm.xyz,bad
https://jtexpress-login.tk/claim,bad
https://jtexpress-gift.ga/free,bad
https://yangoncitydevelopmentcommittee-win.info/password,bad
https://ubuygift-confirm.ml,bad
https://free.smidb.bonus.tk,bad
https://internalrevenuedepartment-confirm.club/claim,bad
https://www.kddilogin.win.tk,bad
https://ayapayconfirm-account.test,bad
https://ok$-password.help/support,bad
https://fpb-security.ga/banking,bad
https://gripdigi-secure.cf/win,bad
https://smallandmediumindustrialdevelopmentbank-bonus-claim.club,bad
https://www.internalrevenuedepartmentsupport.free.club,bad
https://messenger-win.website/prize,bad
https://mtb-verify.website/unlock,bad
https://lazadawin-bonus.test,bad
https://telenorbonus-gift.top,bad
https://verify.alibaba.confirm.help,bad
https://gripdigi-update.online/claim,bad
https://telenor-claim-password.club,bad
https://departmentoflabour-account-login.top,bad
https://gtb-banking.ml/password,bad
https://uabpaygift-account.test,bad
https://mftb-login-banking.test,bad
https://www.yomapaybanking.claim.top,bad
https://yub-prize.xyz/bonus,bad
https://mebfree-account.tk,bad
https://support.atommyanmar.verify.online,bad
https://kbzbankverify-banking.tk,bad
https://www.ooredoomyanmarverify.banking.club,bad
https://agdbank-bonus.top/prize,bad
https://wavemoney-gift.website/password,bad
https://www.metaverify.secure.info,bad
https://tiktok-account-security.test,bad
https://paypalsecure-bonus.top,bad
https://free.myanmarcitizensbank.prize.top,bad
https://mwdbanksecurity-account.tk,bad
https://www.citymartprize.secure.test,bad
https://ayapay-update-prize.info,bad
https://citymart-unlock.help/gift,bad
https://aliexpress-update.website/password,bad
https://www.cbpaybanking.secure.club,bad
https://moee-gift.tk/verify,bad
https://foodpanda-unlock.online/win,bad
https://shwetaung-security.cf/confirm,bad
https://www.truemoneysupport.bonus.online,bad
https://telenormyanmarunlock-secure.ml,bad
https://myanmarpolicegift-prize.ga,bad
https://claim.immigrationdepartment.gift.club,bad
https://kbzpay-unlock-support.website,bad
https://departmentofmyanmarexaminations-free.info/gift,bad
https://cb-win.ml/login,bad
https://www.yomastrategicholdingsunlock.win.website,bad
https://www.grabclaim.gift.cf,bad
https://www.zoompassword.support.cf,bad
https://www.ruraldevelopmentbankconfirm.free.xyz,bad
https://www.telenorsupport.support.test,bad
https://mtb-win-prize.ga,bad
https://www.cbpayprize.security.ga,bad
https://kplus-support.info/account,bad
https://mrf-prize.help/security,bad
https://bonus.cbbank.free.tk,bad
https://kbzpaylogin-bonus.cf,bad
https://okdollar-prize-bonus.ml,bad
https://www.gripdigilogin.verify.tk,bad
https://paypal-gift.cf/support,bad
https://cbmunlock-prize.ml,bad
https://mcbverify-password.top,bad
https://www.mptbanking.security.cf,bad
https://banking.telenormyanmar.win.online,bad
https://gtb-gift-win.test,bad
https://wavemoney-prize-support.info,bad
https://sathapanalimited-account.help/security,bad
https://moeeverify-bonus.club,bad
https://confirm.meb.login.xyz,bad
https://advansmyanmar-account.online/claim,bad
https://wavefree-unlock.xyz,bad
https://www.grabclaim.password.help,bad
https://yomabank-password.club/confirm,bad
https://www.ayapaywin.free.xyz,bad
https://yomabankaccount-security.website,bad
https://mob-claim-login.help,bad
https://ok$gift-unlock.tk,bad
https://innwabank-bonus-unlock.tk,bad
https://claim.mtbpay.security.info,bad
https://support.mab.password.help,bad
https://www.telegramupdate.secure.website,bad
https://verify.apple.banking.online,bad
https://www.temubanking.bonus.ml,bad
https://www.okdollaraccount.bonus.club,bad
https://cdsgverify-win.online,bad
https://manairlinesupdate-security.club,bad
https://www.quickloangift.banking.tk,bad
https://gripdigi-gift.top/confirm,bad
https://aliexpress-prize-banking.test,bad
https://security.maxmyanmar.gift.tk,bad
https://aliexpress-account.tk/account,bad
https://ayapaybanking-confirm.ga,bad
https://www.citizensbankwin.support.website,bad
https://verify.maxmyanmar.password.top,bad
https://account.ok$.gift.club,bad
https://www.sathapanabanking.win.cf,bad
https://www.kbzbanksecurity.verify.top,bad
https://verify.myanmarcitizensbank.verify.info,bad
https://www.shop.com.mmsupport.prize.ml,bad
https://www.sathapanabankconfirm.update.website,bad
https://banking.mytel.login.ga,bad
https://truemoneyaccount-account.online,bad
https://instagram-secure-security.tk,bad
https://j&texpress-banking.club/gift,bad
https://unitedamarabank-update.ga/prize,bad
https://mtbpay-gift.cf/password,bad
https://banking.mtb.login.tk,bad
https://meb-bonus.cf/support,bad
https://globaltreasurebank-account.tk/win,bad
https://globaltreasurebank-update.help/claim,bad
https://sathapanaconfirm-bonus.help,bad
https://facebook-banking.online/claim,bad
https://immigrationdepartment-verify.tk/win,bad
https://update.airthanlwin.secure.help,bad
https://win.amazon.confirm.xyz,bad
https://www.agdbanking.gift.xyz,bad
https://capitaldiamondstargroup-login-claim.top,bad
https://icloudsecurity-win.info,bad
https://dhl-gift.cf/free,bad
https://cdsg-win.tk/win,bad
https://secure.yoma.unlock.cf,bad
https://ayabank-security-prize.cf,bad
https://sathapanabankaccount-security.xyz,bad
https://departmentoflabour-security.tk/confirm,bad
https://okdollar-gift-win.ga,bad
https://outlooksecurity-update.tk,bad
https://login.co-operativebank.claim.test,bad
https://gtb-claim.ml/gift,bad
https://cbbank-verify-bonus.club,bad
https://free.dme.banking.ga,bad
https://myanmarcitizensbank-support.info/support,bad
https://abankgift-unlock.tk,bad
https://claim.airkbz.password.xyz,bad
https://ayapay-security.test/unlock,bad
https://immigrationdepartment-gift.club/verify,bad
https://aliexpressbonus-gift.info,bad
https://cbbank-account.ml/confirm,bad
https://confirm.shwetaung.bonus.club,bad
https://wavepay-confirm-confirm.tk,bad
https://cdsgbanking-win.cf,bad
https://yesc-free.info/verify,bad
https://www.smallandmediumindustrialdevelopmentbankprize.prize.club,bad
https://ubuy-prize.test/unlock,bad
https://www.outlookupdate.account.ga,bad
https://prize.kplus.claim.tk,bad
https://irdgift-win.info,bad
https://myanmatourismbank-password.help/prize,bad
https://whatsapp-update.ga/claim,bad
https://www.mrfconfirm.confirm.club,bad
https://temu-banking.tk/account,bad
https://jtexpressclaim-security.website,bad
https://kpmg-confirm.cf/confirm,bad
https://security.myanmarpoliceforce.gift.tk,bad
https://password.lazada.gift.xyz,bad
https://www.kbzbank.com,good
https://kbzbank.com,good
https://www.kbzpay.com,good
https://kbzpay.com,good
https://www.kbzlife.com,good
https://kbzlife.com,good
https://www.cbbank.com.mm,good
https://cbbank.com.mm,good
https://www.ayabank.com,good
https://ayabank.com,good
https://www.uab.com.mm,good
https://uab.com.mm,good
https://www.wavemoney.com.mm,good
https://wavemoney.com.mm,good
https://www.mpt.com.mm,good
https://mpt.com.mm,good
https://www.mytel.com.mm,good
https://mytel.com.mm,good
https://www.atom.com.mm,good
https://atom.com.mm,good
https://www.google.com,good
https://google.com,good
https://www.facebook.com,good
https://facebook.com,good
